country_id,growth_rate_per_annum_2013_2023,year,production_barrels
1,-0.02919445156828082,2000,3011.96506284153
2,0.056015515798769844,2000,5821.604
3,0.03868467278949139,2000,11029.317934134207
4,0.05769797839247337,2000,775.8685274862071
5,0.05329571018108292,2000,1235.0
6,-0.025841968736178722,2000,686.9999999999999
7,-0.010156165260606476,2000,400.0
8,,2000,0.0
9,-0.03755435372089688,2000,95.33172131147542
10,-0.029791872322899815,2000,119.10651912568308
11,-0.10896046509509627,2000,2936.479762568306
12,-0.04201163509688888,2000,115.9726775956284
13,0.00043158554228939217,2000,6364.7592080873
14,-0.10318736296501418,2000,363.0
15,-0.02568764040173399,2000,94.90515286885245
16,0.016551186940767737,2000,3241.3479508800406
17,-0.033384416669812844,2000,123.97655737704918
18,-0.0204241695304912,2000,2478.568514754098
19,-0.023097467829953366,2000,390.72661762295076
20,-0.00374527667638469,2000,6692.524793502991
21,-0.034270749059132743,2000,281.18497267759557
22,0.009538899651612143,2000,740.2079234972678
23,0.0002389771399176066,2000,6472.930504098362
24,-0.03551679180495193,2000,143.60655737704917
25,-0.04630698552630541,2000,159.96475409836066
26,0.022754318524043304,2000,38.62418032786885
27,-0.0011289416648770922,2000,7836.518892076504
28,0.021289375191202442,2000,3768.6610809999993
29,0.0339826475113858,2000,2598.0
30,-0.009402357438769049,2000,2086.0000000000005
31,0.010791944129982411,2000,954.796994535519
32,-0.010926915372265755,2000,781.3268710152983
33,-0.002723658103960025,2000,8094.5
34,-0.038323684331779684,2000,545.0000000000001
35,0.00615425333764974,2000,2333.609999999999
36,-0.18737991528886822,2000,436.50199999999995
37,0.0011487901099429543,2000,38.12101092896175
38,0.005584429910656219,2000,21636.517957479777
39,-0.011356251524292982,2000,1289.145491803279
40,-0.04317985709708427,2000,746.0614754098362
41,0.03976892713717284,2000,0.0
42,0.014983796929785242,2000,256.0
43,-0.012867598734560781,2000,743.7805464480875
44,-0.11362618576986672,2000,109.0
45,0.004407685665657635,2000,276.0
46,0.018443433087153904,2000,1414.5902
47,-0.03918018731752826,2000,2141.9315000000006
48,0.040016209242440315,2000,0.0
49,-0.06932272480668977,2000,179.1319043715847
50,-0.06004213555308635,2000,76.9420218579235
51,0.009788557555920674,2000,145.0812568306011
52,-0.01940148976956546,2000,7377.664396721311
53,-0.01721643632721992,2000,709.7518680901776
54,-0.03663150206922372,2000,178.00000000000003
55,-0.0004453992629191994,2000,3256.8431693989073
56,-0.025627414219370315,2000,660.9118032786886
57,-0.030459355802727406,2000,1413.704081967213
58,-0.014574685103411755,2000,681.0
59,-0.05534004018652072,2000,110.3
60,-0.06316192237023,2000,329.3808743169399
61,-0.0467394474475995,2000,180.15177522570502
62,-0.01302437332949935,2000,7520.043572277632
63,0.0062842081265399585,2000,68457.34675427973
64,0.02908329801019005,2000,18917.790961117014
65,-0.001455560824205837,2000,49539.55579316271
66,-0.0049493096254830116,2000,28049.979510781424
67,0.013341992261935998,2000,40407.36724349832
68,-0.053090277834248245,2000,819.0791583333333
1,-0.02919445156828082,2001,3127.036531506849
2,0.056015515798769844,2001,5801.400999999999
3,0.03868467278949139,2001,11150.567354055345
4,0.05769797839247337,2001,812.9533641586619
5,0.05329571018108292,2001,1297.0000000000002
6,-0.025841968736178722,2001,603.9999999999999
7,-0.010156165260606476,2001,406.99999999999994
8,,2001,0.0
9,-0.03755435372089688,2001,93.13241917808217
10,-0.029791872322899815,2001,113.42047945205479
11,-0.10896046509509627,2001,2996.4060418504755
12,-0.04201163509688888,2001,122.28189041095892
13,0.00043158554228939217,2001,6446.194195050233
14,-0.10318736296501418,2001,348.00000000000006
15,-0.02568764040173399,2001,85.01512671232877
16,0.016551186940767737,2001,3236.802867202498
17,-0.033384416669812844,2001,123.67838356164384
18,-0.0204241695304912,2001,2289.596138630137
19,-0.023097467829953366,2001,386.099062109589
20,-0.00374527667638469,2001,6469.191578216197
21,-0.034270749059132743,2001,300.1553424657534
22,0.009538899651612143,2001,841.4902465753426
23,0.0002389771399176066,2001,6988.132099999999
24,-0.03551679180495193,2001,153.2
25,-0.04630698552630541,2001,153.53401369863013
26,0.022754318524043304,2001,38.872
27,-0.0011289416648770922,2001,8475.383702739726
28,0.021289375191202442,2001,3741.745205
29,0.0339826475113858,2001,2502.0
30,-0.009402357438769049,2001,2025.0
31,0.010791944129982411,2001,955.7775342465753
32,-0.010926915372265755,2001,777.8091927105322
33,-0.002723658103960025,2001,7888.9
34,-0.038323684331779684,2001,579.0
35,0.00615425333764974,2001,2282.0499999999997
36,-0.18737991528886822,2001,438.7296
37,0.0011487901099429543,2001,37.11742465753424
38,0.005584429910656219,2001,21228.128956614637
39,-0.011356251524292982,2001,1260.8055342465755
40,-0.04317985709708427,2001,742.0150684931507
41,0.03976892713717284,2001,0.0
42,0.014983796929785242,2001,236.0
43,-0.012867598734560781,2001,719.6713013698632
44,-0.11362618576986672,2001,180.0
45,0.004407685665657635,2001,262.00000000000006
46,0.018443433087153904,2001,1367.7246000000002
47,-0.03918018731752826,2001,2120.2183999999997
48,0.040016209242440315,2001,0.0
49,-0.06932272480668977,2001,209.00812054794525
50,-0.06004213555308635,2001,70.55838356164384
51,0.009788557555920674,2001,136.242602739726
52,-0.01940148976956546,2001,7304.244010958904
53,-0.01721643632721992,2001,658.356661835913
54,-0.03663150206922372,2001,187.99999999999997
55,-0.0004453992629191994,2001,3310.147671232877
56,-0.025627414219370315,2001,659.5867397260274
57,-0.030459355802727406,2001,1342.0528767123287
58,-0.014574685103411755,2001,665.9999999999999
59,-0.05534004018652072,2001,113.761
60,-0.06316192237023,2001,341.27178082191784
61,-0.0467394474475995,2001,173.04825428228673
62,-0.01302437332949935,2001,7452.22498461135
63,0.0062842081265399585,2001,68525.93478224639
64,0.02908329801019005,2001,18681.45858811577
65,-0.001455560824205837,2001,49844.47619413063
66,-0.0049493096254830116,2001,27604.864849590198
67,0.013341992261935998,2001,40921.06993265619
68,-0.053090277834248245,2001,793.4035212328768
1,-0.02919445156828082,2002,3177.0989643835615
2,0.056015515798769844,2002,5744.078
3,0.03868467278949139,2002,11281.489620884891
4,0.05769797839247337,2002,801.6631150317162
5,0.05329571018108292,2002,1453.9999999999998
6,-0.025841968736178722,2002,578.0
7,-0.010156165260606476,2002,391.99999999999994
8,,2002,0.0
9,-0.03755435372089688,2002,92.77352328767122
10,-0.029791872322899815,2002,130.6426301369863
11,-0.10896046509509627,2002,2796.298352191781
12,-0.04201163509688888,2002,137.57472602739728
13,0.00043158554228939217,2002,6382.952346675552
14,-0.10318736296501418,2002,371.00000000000006
15,-0.02568764040173399,2002,114.77271575342466
16,0.016551186940767737,2002,3139.5550176532665
17,-0.033384416669812844,2002,119.5427397260274
18,-0.0204241695304912,2002,2272.13937369863
19,-0.023097467829953366,2002,399.7988488219178
20,-0.00374527667638469,2002,6416.808695653267
21,-0.034270749059132743,2002,307.0395890410959
22,0.009538899651612143,2002,992.5779999999999
23,0.0002389771399176066,2002,7622.86907479452
24,-0.03551679180495193,2002,162.4
25,-0.04630698552630541,2002,153.7261506849315
26,0.022754318524043304,2002,38.751999999999995
27,-0.0011289416648770922,2002,9277.364814520548
28,0.021289375191202442,2002,3533.619178000001
29,0.0339826475113858,2002,2096.0
30,-0.009402357438769049,2002,1877.0
31,0.010791944129982411,2002,897.3775342465752
32,-0.010926915372265755,2002,728.9806692607929
33,-0.002723658103960025,2002,7093.1
34,-0.038323684331779684,2002,624.0
35,0.00615425333764974,2002,2071.6
36,-0.18737991528886822,2002,438.2563999999999
37,0.0011487901099429543,2002,38.12917808219179
38,0.005584429910656219,2002,19398.06295958956
39,-0.011356251524292982,2002,1355.6733150684931
40,-0.04317985709708427,2002,905.4410958904109
41,0.03976892713717284,2002,0.0
42,0.014983796929785242,2002,227.0
43,-0.012867598734560781,2002,715.5088493150686
44,-0.11362618576986672,2002,214.00000000000003
45,0.004407685665657635,2002,256.00000000000006
46,0.018443433087153904,2002,1314.9196
47,-0.03918018731752826,2002,1907.73
48,0.040016209242440315,2002,0.0
49,-0.06932272480668977,2002,236.18449041095892
50,-0.06004213555308635,2002,73.44476712328768
51,0.009788557555920674,2002,136.36390136986302
52,-0.01940148976956546,2002,7342.266019178082
53,-0.01721643632721992,2002,650.7792837519014
54,-0.03663150206922372,2002,195.0
55,-0.0004453992629191994,2002,3351.0350136986303
56,-0.025627414219370315,2002,678.5664657534247
57,-0.030459355802727406,2002,1248.5997671232878
58,-0.014574685103411755,2002,698.0
59,-0.05534004018652072,2002,129.291
60,-0.06316192237023,2002,341.88000000000005
61,-0.0467394474475995,2002,177.7040552680611
62,-0.01302437332949935,2002,7470.8555855953055
63,0.0062842081265399585,2002,67569.80004209722
64,0.02908329801019005,2002,18727.482011722503
65,-0.001455560824205837,2002,48842.3180303747
66,-0.0049493096254830116,2002,25648.381541150684
67,0.013341992261935998,2002,41921.41850094654
68,-0.053090277834248245,2002,859.4854184383563
1,-0.02919445156828082,2003,3370.8960109589043
2,0.056015515798769844,2003,5649.3
3,0.03868467278949139,2003,11515.668945784382
4,0.05769797839247337,2003,782.8142119757869
5,0.05329571018108292,2003,1499.0
6,-0.025841968736178722,2003,541.0000000000001
7,-0.010156165260606476,2003,418.00000000000006
8,,2003,0.0
9,-0.03755435372089688,2003,87.32223561643836
10,-0.029791872322899815,2003,134.7709397260274
11,-0.10896046509509627,2003,2722.9514871232873
12,-0.04201163509688888,2003,139.164301369863
13,0.00043158554228939217,2003,6325.023175811402
14,-0.10318736296501418,2003,368.0
15,-0.02568764040173399,2003,115.57256621917809
16,0.016551186940767737,2003,3049.340848054405
17,-0.033384416669812844,2003,116.27126027397259
18,-0.0204241695304912,2003,2073.6659539726024
19,-0.023097467829953366,2003,406.43010750684937
20,-0.00374527667638469,2003,6129.280736027006
21,-0.034270749059132743,2003,307.9339726027397
22,0.009538899651612143,2003,1080.63777260274
23,0.0002389771399176066,2003,8461.01916010959
24,-0.03551679180495193,2003,171.6
25,-0.04630698552630541,2003,151.29704109589042
26,0.022754318524043304,2003,38.144
27,-0.0011289416648770922,2003,10210.63194641096
28,0.021289375191202442,2003,3988.573973
29,0.0339826475113858,2003,1334.0
30,-0.009402357438769049,2003,2196.0
31,0.010791944129982411,2003,819.5090410958906
32,-0.010926915372265755,2003,841.3022850004588
33,-0.002723658103960025,2003,8530.8781369863
34,-0.038323684331779684,2003,602.0000000000001
35,0.00615425333764974,2003,2423.36
36,-0.18737991528886822,2003,430.8731999999999
37,0.0011487901099429543,2003,38.09783561643837
38,0.005584429910656219,2003,21204.59447169909
39,-0.011356251524292982,2003,1535.5504657534248
40,-0.04317985709708427,2003,869.5630685
41,0.03976892713717284,2003,23.561643835616437
42,0.014983796929785242,2003,208.0
43,-0.012867598734560781,2003,712.6553424657534
44,-0.11362618576986672,2003,240.99999999999997
45,0.004407685665657635,2003,273.99999999999994
46,0.018443433087153904,2003,1425.0
47,-0.03918018731752826,2003,2254.6413
48,0.040016209242440315,2003,0.0
49,-0.06932272480668977,2003,262.13031506849313
50,-0.06004213555308635,2003,66.78712328767124
51,0.009788557555920674,2003,140.25748493150687
52,-0.01940148976956546,2003,8013.146743842466
53,-0.01721643632721992,2003,558.3526861481593
54,-0.03663150206922372,2003,199.99999999999997
55,-0.0004453992629191994,2003,3405.638493150685
56,-0.025627414219370315,2003,686.0470684931507
57,-0.030459355802727406,2003,1139.2168684931507
58,-0.014574685103411755,2003,738.0
59,-0.05534004018652072,2003,158.98499999999999
60,-0.06316192237023,2003,358.8493150684931
61,-0.0467394474475995,2003,176.70944126197014
62,-0.01302437332949935,2003,7421.798872615608
63,0.0062842081265399585,2003,70820.14489219092
64,0.02908329801019005,2003,18538.695713331104
65,-0.001455560824205837,2003,52281.4491788598
66,-0.0049493096254830116,2003,28003.518431363016
67,0.013341992261935998,2003,42816.62646082788
68,-0.053090277834248245,2003,856.1372807397261
1,-0.02919445156828082,2004,3382.898325136612
2,0.056015515798769844,2004,5440.968
3,0.03868467278949139,2004,11387.215108274231
4,0.05769797839247337,2004,733.4490604091802
5,0.05329571018108292,2004,1481.0
6,-0.025841968736178722,2004,528.29
7,-0.010156165260606476,2004,526.0000000000001
8,,2004,0.0
9,-0.03755435372089688,2004,84.88313934426229
10,-0.029791872322899815,2004,122.89577595628417
11,-0.10896046509509627,2004,3143.715817543589
12,-0.04201163509688888,2004,132.00160874997061
13,0.00043158554228939217,2004,6752.235402003286
14,-0.10318736296501418,2004,389.99999999999994
15,-0.02568764040173399,2004,112.66525860655736
16,0.016551186940767737,2004,2970.6190297170065
17,-0.033384416669812844,2004,112.0754644808743
18,-0.0204241695304912,2004,1853.7611606557377
19,-0.023097467829953366,2004,397.4113412021859
20,-0.00374527667638469,2004,5836.53225466236
21,-0.034270749059132743,2004,308.6536885245902
22,0.009538899651612143,2004,1247.8088743169399
23,0.0002389771399176066,2004,9190.654879344263
24,-0.03551679180495193,2004,180.3060109289617
25,-0.04630698552630541,2004,139.22112021857924
26,0.022754318524043304,2004,37.83633879781421
27,-0.0011289416648770922,2004,11104.480912131148
28,0.021289375191202442,2004,4109.793443
29,0.0339826475113858,2004,2011.9999999999998
30,-0.009402357438769049,2004,2337.0
31,0.010791944129982411,2004,779.7396174863387
32,-0.010926915372265755,2004,957.3640204544984
33,-0.002723658103960025,2004,9121.990464480874
34,-0.038323684331779684,2004,442.0
35,0.00615425333764974,2004,2517.0499999999993
36,-0.18737991528886822,2004,402.8064000000001
37,0.0011487901099429543,2004,38.07607923497268
38,0.005584429910656219,2004,22717.82002465668
39,-0.011356251524292982,2004,1628.3487978142077
40,-0.04317985709708427,2004,1102.6769999999997
41,0.03976892713717284,2004,167.75956284153008
42,0.014983796929785242,2004,217.0
43,-0.012867598734560781,2004,666.5108852459018
44,-0.11362618576986672,2004,303.0
45,0.004407685665657635,2004,273.0
46,0.018443433087153904,2004,1565.3625110000003
47,-0.03918018731752826,2004,2441.547
48,0.040016209242440315,2004,0.0
49,-0.06932272480668977,2004,291.13726724043715
50,-0.06004213555308635,2004,70.23953551912568
51,0.009788557555920674,2004,172.6715081967213
52,-0.01940148976956546,2004,8899.254067857924
53,-0.01721643632721992,2004,481.25051936084355
54,-0.03663150206922372,2004,193.93270354861167
55,-0.0004453992629191994,2004,3485.775491803279
56,-0.025627414219370315,2004,705.5203005464482
57,-0.030459355802727406,2004,1094.224683060109
58,-0.014574685103411755,2004,762.0
59,-0.05534004018652072,2004,153.72000000000003
60,-0.06316192237023,2004,405.4027322404372
61,-0.0467394474475995,2004,204.31158239002673
62,-0.01302437332949935,2004,7486.138012949755
63,0.0062842081265399585,2004,74183.6757825354
64,0.02908329801019005,2004,18024.608698447355
65,-0.001455560824205837,2004,56159.06708408802
66,-0.0049493096254830116,2004,30772.485033838664
67,0.013341992261935998,2004,43411.19074869674
68,-0.053090277834248245,2004,856.6244514480873
1,-0.02919445156828082,2005,3333.3487506849315
2,0.056015515798769844,2005,5183.822
3,0.03868467278949139,2005,11036.677655495194
4,0.05769797839247337,2005,705.0196186962337
5,0.05329571018108292,2005,1633.5758605061599
6,-0.025841968736178722,2005,526.1618191780822
7,-0.010156165260606476,2005,532.0
8,,2005,0.0
9,-0.03755435372089688,2005,92.84589315068493
10,-0.029791872322899815,2005,144.4253397260274
11,-0.10896046509509627,2005,3139.3406753424656
12,-0.04201163509688888,2005,128.87908910361426
13,0.00043158554228939217,2005,6902.248295703268
14,-0.10318736296501418,2005,379.97549780821925
15,-0.02568764040173399,2005,126.77440688493151
16,0.016551186940767737,2005,2711.0279887005577
17,-0.033384416669812844,2005,107.3004109589041
18,-0.0204241695304912,2005,1649.5886564383559
19,-0.023097467829953366,2005,379.14047282739733
20,-0.00374527667638469,2005,5353.807433618365
21,-0.034270749059132743,2005,444.91860273972605
22,0.009538899651612143,2005,1294.3286712328768
23,0.0002389771399176066,2005,9442.94498842009
24,-0.03551679180495193,2005,190.0
25,-0.04630698552630541,2005,114.75816438356165
26,0.022754318524043304,2005,37.678
27,-0.0011289416648770922,2005,11524.628426776253
28,0.021289375191202442,2005,4095.179452
29,0.0339826475113858,2005,1812.9999999999998
30,-0.009402357438769049,2005,2485.0000000000005
31,0.010791944129982411,2005,774.2890410958902
32,-0.010926915372265755,2005,1009.5318566406532
33,-0.002723658103960025,2005,9597.420595628415
34,-0.038323684331779684,2005,412.99999999999994
35,0.00615425333764974,2005,2643.0
36,-0.18737991528886822,2005,399.8492999999999
37,0.0011487901099429543,2005,174.47041095890413
38,0.005584429910656219,2005,23404.740656323862
39,-0.011356251524292982,2005,1691.7640712328766
40,-0.04317985709708427,2005,1264.8159452054795
41,0.03976892713717284,2005,173.4246575342466
42,0.014983796929785242,2005,239.06569999999994
43,-0.012867598734560781,2005,633.7035616438357
44,-0.11362618576986672,2005,304.8764
45,0.004407685665657635,2005,270.3301
46,0.018443433087153904,2005,1674.4770389357557
47,-0.03918018731752826,2005,2430.5015000000008
48,0.040016209242440315,2005,0.0
49,-0.06932272480668977,2005,293.6804144109589
50,-0.06004213555308635,2005,71.67501369863014
51,0.009788557555920674,2005,177.19656856985
52,-0.01940148976956546,2005,9225.510971231632
53,-0.01721643632721992,2005,470.4840645212911
54,-0.03663150206922372,2005,191.69562286428734
55,-0.0004453992629191994,2005,3641.963717808219
56,-0.025627414219370315,2005,673.8998630136987
57,-0.030459355802727406,2005,1062.0630136986301
58,-0.014574685103411755,2005,703.5123287671233
59,-0.05534004018652072,2005,183.377
60,-0.06316192237023,2005,375.453698630137
61,-0.0467394474475995,2005,239.34639164719647
62,-0.01302437332949935,2005,7541.7957009505835
63,0.0062842081265399585,2005,74989.40914009913
64,0.02908329801019005,2005,17184.50102495503
65,-0.001455560824205837,2005,57804.90811514414
66,-0.0049493096254830116,2005,31648.771478344992
67,0.013341992261935998,2005,43340.63766175418
68,-0.053090277834248245,2005,836.3214108849314
1,-0.02919445156828082,2006,3255.5788438356158
2,0.056015515798769844,2006,5085.864
3,0.03868467278949139,2006,10996.933733692096
4,0.05769797839247337,2006,697.9176594776951
5,0.05329571018108292,2006,1722.7294129223853
6,-0.025841968736178722,2006,527.4087260273973
7,-0.010156165260606476,2006,535.6796174520548
8,,2006,0.0
9,-0.03755435372089688,2006,95.85148219178082
10,-0.029791872322899815,2006,143.4501808219178
11,-0.10896046509509627,2006,3162.890410958904
12,-0.04201163509688888,2006,127.30030270057712
13,0.00043158554228939217,2006,7013.227792552712
14,-0.10318736296501418,2006,345.53852986301376
15,-0.02568764040173399,2006,119.93932138630134
16,0.016551186940767737,2006,2502.7566907580785
17,-0.033384416669812844,2006,98.28841095890412
18,-0.0204241695304912,2006,1490.4714723287673
19,-0.023097467829953366,2006,371.30771052054797
20,-0.00374527667638469,2006,4928.302135815614
21,-0.034270749059132743,2006,646.1666849315069
22,0.009538899651612143,2006,1367.8913671232879
23,0.0002389771399176066,2006,9655.699395359125
24,-0.03551679180495193,2006,195.19999999999996
25,-0.04630698552630541,2006,114.71767123287671
26,0.022754318524043304,2006,37.492
27,-0.0011289416648770922,2006,12017.167118646797
28,0.021289375191202442,2006,4127.441096
29,0.0339826475113858,2006,1974.0000000000002
30,-0.009402357438769049,2006,2546.0000000000005
31,0.010791944129982411,2006,737.6501369863015
32,-0.010926915372265755,2006,1090.8573809106329
33,-0.002723658103960025,2006,9465.209279452056
34,-0.038323684331779684,2006,386.00000000000006
35,0.00615425333764974,2006,2827.9999999999995
36,-0.18737991528886822,2006,365.57899999999995
37,0.0011487901099429543,2006,172.06845205479453
38,0.005584429910656219,2006,23692.805345403784
39,-0.011356251524292982,2006,1696.745479452055
40,-0.04317985709708427,2006,1381.6032164383562
41,0.03976892713717284,2006,153.15068493150685
42,0.014983796929785242,2006,270.7236
43,-0.012867598734560781,2006,623.0579719452055
44,-0.11362618576986672,2006,343.4712328767123
45,0.004407685665657635,2006,241.94009999999997
46,0.018443433087153904,2006,1810.0764838732543
47,-0.03918018731752826,2006,2314.7414
48,0.040016209242440315,2006,0.0
49,-0.06932272480668977,2006,356.16085090410957
50,-0.06004213555308635,2006,68.72542465753425
51,0.009788557555920674,2006,227.04393187474295
52,-0.01940148976956546,2006,9487.440376953477
53,-0.01721643632721992,2006,424.25893570551403
54,-0.03663150206922372,2006,205.0178263013496
55,-0.0004453992629191994,2006,3710.500221917808
56,-0.025627414219370315,2006,698.226684931507
57,-0.030459355802727406,2006,1005.6136986301369
58,-0.014574685103411755,2006,666.9260273972602
59,-0.05534004018652072,2006,204.2
60,-0.06316192237023,2006,340.60273972602744
61,-0.0467394474475995,2006,250.49452921647892
62,-0.01302437332949935,2006,7505.840663826082
63,0.0062842081265399585,2006,75641.71716689054
64,0.02908329801019005,2006,16677.125249129793
65,-0.001455560824205837,2006,58964.59191776077
66,-0.0049493096254830116,2006,32162.84229905134
67,0.013341992261935998,2006,43478.87486783922
68,-0.053090277834248245,2006,775.8681359068491
1,-0.02919445156828082,2007,3075.7098712328766
2,0.056015515798769844,2007,5073.899999999999
3,0.03868467278949139,2007,10899.363483691915
4,0.05769797839247337,2007,689.1160809965604
5,0.05329571018108292,2007,1747.992318544372
6,-0.025841968736178722,2007,531.0939232876711
7,-0.010156165260606476,2007,511.088074520548
8,,2007,0.0
9,-0.03755435372089688,2007,94.67900547945207
10,-0.029791872322899815,2007,121.26452054794524
11,-0.10896046509509627,2007,3061.83561643836
12,-0.04201163509688888,2007,128.9687539249939
13,0.00043158554228939217,2007,6886.038293739903
14,-0.10318736296501418,2007,311.2730931780822
15,-0.02568764040173399,2007,121.55539308797259
16,0.016551186940767737,2007,2288.2598243031275
17,-0.033384416669812844,2007,93.45320547945205
18,-0.0204241695304912,2007,1498.4800717808218
19,-0.023097467829953366,2007,371.3602958139672
20,-0.00374527667638469,2007,4684.381883643422
21,-0.034270749059132743,2007,855.5625753424657
22,0.009538899651612143,2007,1413.2783808219178
23,0.0002389771399176066,2007,9868.470277260272
24,-0.03551679180495193,2007,200.4
25,-0.04630698552630541,2007,109.31186301369864
26,0.022754318524043304,2007,37.087999999999994
27,-0.0011289416648770922,2007,12484.111096438355
28,0.021289375191202442,2007,4169.972602863013
29,0.0339826475113858,2007,2116.2117999999996
30,-0.009402357438769049,2007,2470.61937377691
31,0.010791944129982411,2007,710.3931506849315
32,-0.010926915372265755,2007,1100.2309549220088
33,-0.002723658103960025,2007,9074.284794520547
34,-0.038323684331779684,2007,369.00000000000006
35,0.00615425333764974,2007,2784.0
36,-0.18737991528886822,2007,318.9312
37,0.0011487901099429543,2007,184.33619452054793
38,0.005584429910656219,2007,23297.98007128796
39,-0.011356251524292982,2007,1687.0501369863014
40,-0.04317985709708427,2007,1634.2929061614727
41,0.03976892713717284,2007,143.56164383561645
42,0.014983796929785242,2007,220.92850000000004
43,-0.012867598734560781,2007,637.7361168074809
44,-0.11362618576986672,2007,351.54794520547944
45,0.004407685665657635,2007,245.55580000000003
46,0.018443433087153904,2007,1842.6787431115292
47,-0.03918018731752826,2007,2136.0765
48,0.040016209242440315,2007,0.0
49,-0.06932272480668977,2007,483.11566027397265
50,-0.06004213555308635,2007,95.77736986301372
51,0.009788557555920674,2007,191.1183157194434
52,-0.01940148976956546,2007,9669.439637964311
53,-0.01721643632721992,2007,461.2585320017342
54,-0.03663150206922372,2007,179.36218560304314
55,-0.0004453992629191994,2007,3741.677824657535
56,-0.025627414219370315,2007,707.4364657534248
57,-0.030459355802727406,2007,954.3780821917809
58,-0.014574685103411755,2007,682.7123287671233
59,-0.05534004018652072,2007,213.40800000000002
60,-0.06316192237023,2007,322.76164383561644
61,-0.0467394474475995,2007,271.9299450961926
62,-0.01302437332949935,2007,7534.92500790645
63,0.0062842081265399585,2007,75456.2394746723
64,0.02908329801019005,2007,16406.981456617425
65,-0.001455560824205837,2007,59049.25801805489
66,-0.0049493096254830116,2007,31795.054719063617
67,0.013341992261935998,2007,43661.184755608716
68,-0.053090277834248245,2007,739.5060064909809
1,-0.02919445156828082,2008,2791.575967213115
2,0.056015515798769844,2008,4999.671000000001
3,0.03868467278949139,2008,10506.800577714275
4,0.05769797839247337,2008,679.4401901584803
5,0.05329571018108292,2008,1812.224568515111
6,-0.025841968736178722,2008,587.6582704918034
7,-0.010156165260606476,2008,504.71857923497265
8,,2008,0.0
9,-0.03755435372089688,2008,97.62672404371585
10,-0.029791872322899815,2008,114.27872404371584
11,-0.10896046509509627,2008,3063.58469945355
12,-0.04201163509688888,2008,128.78561162367774
13,0.00043158554228939217,2008,6988.317367565028
14,-0.10318736296501418,2008,287.2285459836066
15,-0.02568764040173399,2008,108.47056392419674
16,0.016551186940767737,2008,2204.5149427187744
17,-0.033384416669812844,2008,93.19786885245901
18,-0.0204241695304912,2008,1390.4712295081968
19,-0.023097467829953366,2008,350.75102516938483
20,-0.00374527667638469,2008,4434.634176156618
21,-0.034270749059132743,2008,894.5147540983605
22,0.009538899651612143,2008,1483.4672295081969
23,0.0002389771399176066,2008,9784.148040530608
24,-0.03551679180495193,2008,205.03825136612025
25,-0.04630698552630541,2008,104.89065573770492
26,0.022754318524043304,2008,36.63562841530055
27,-0.0011289416648770922,2008,12508.694559656291
28,0.021289375191202442,2008,4173.098360551912
29,0.0339826475113858,2008,2394.0000000000005
30,-0.009402357438769049,2008,2574.4945355191267
31,0.010791944129982411,2008,756.75
32,-0.010926915372265755,2008,1210.7965846994537
33,-0.002723658103960025,2008,9453.406505464482
34,-0.038323684331779684,2008,371.0
35,0.00615425333764974,2008,2819.2000000000003
36,-0.18737991528886822,2008,294.5184
37,0.0011487901099429543,2008,182.85528961748636
38,0.005584429910656219,2008,24230.11967585246
39,-0.011356251524292982,2008,1643.2632513661201
40,-0.04317985709708427,2008,1854.6835407510243
41,0.03976892713717284,2008,127.04918032786885
42,0.014983796929785242,2008,234.73599999999996
43,-0.012867598734560781,2008,650.6472301299042
44,-0.11362618576986672,2008,348.5792349726776
45,0.004407685665657635,2008,239.5736
46,0.018443433087153904,2008,1807.980855734626
47,-0.03918018731752826,2008,2100.3987213114756
48,0.040016209242440315,2008,0.0
49,-0.06932272480668977,2008,456.9514590163934
50,-0.06004213555308635,2008,87.27939890710383
51,0.009788557555920674,2008,183.72795081967212
52,-0.01940148976956546,2008,9734.870423336866
53,-0.01721643632721992,2008,463.0331823988986
54,-0.03663150206922372,2008,160.53917906913856
55,-0.0004453992629191994,2008,3813.9952677595625
56,-0.025627414219370315,2008,703.4983606557378
57,-0.030459355802727406,2008,976.775956284153
58,-0.014574685103411755,2008,688.0081967213115
59,-0.05534004018652072,2008,228.82799999999997
60,-0.06316192237023,2008,301.3377049180328
61,-0.0467394474475995,2008,288.9001700311038
62,-0.01302437332949935,2008,7624.916017837939
63,0.0062842081265399585,2008,76028.3527981195
64,0.02908329801019005,2008,15845.390028539437
65,-0.001455560824205837,2008,60182.96276958005
66,-0.0049493096254830116,2008,32706.999305124995
67,0.013341992261935998,2008,43321.35349299449
68,-0.053090277834248245,2008,684.1052970717235
1,-0.02919445156828082,2009,2601.481205479452
2,0.056015515798769844,2009,5356.696
3,0.03868467278949139,2009,10662.880263890143
4,0.05769797839247337,2009,603.684576243463
5,0.05329571018108292,2009,1950.3604431398385
6,-0.025841968736178722,2009,670.6032356164384
7,-0.010156165260606476,2009,486.0657534246576
8,,2009,0.0
9,-0.03755435372089688,2009,117.26427945205481
10,-0.029791872322899815,2009,106.75613424657534
11,-0.10896046509509627,2009,2879.2219178082205
12,-0.04201163509688888,2009,120.54462943649085
13,0.00043158554228939217,2009,6934.50096936774
14,-0.10318736296501418,2009,264.7752142191781
15,-0.02568764040173399,2009,94.87955085136988
16,0.016551186940767737,2009,2082.0186704804637
17,-0.033384416669812844,2009,90.24345205479452
18,-0.0204241695304912,2009,1332.2865945205479
19,-0.023097467829953366,2009,331.45624562343494
20,-0.00374527667638469,2009,4195.659727749789
21,-0.034270749059132743,2009,1014.2503561643837
22,0.009538899651612143,2009,1609.105495890411
23,0.0002389771399176066,2009,9927.315593816988
24,-0.03551679180495193,2009,210.8
25,-0.04630698552630541,2009,94.61319520547946
26,0.022754318524043304,2009,36.47
27,-0.0011289416648770922,2009,12892.554641077262
28,0.021289375191202442,2009,4014.942684931507
29,0.0339826475113858,2009,2404.712
30,-0.009402357438769049,2009,2278.383562
31,0.010791944129982411,2009,812.5202739726026
32,-0.010926915372265755,2009,1151.0152246575344
33,-0.002723658103960025,2009,8410.957657534247
34,-0.038323684331779684,2009,366.0
35,0.00615425333764974,2009,2483.638
36,-0.18737991528886822,2009,286.1318
37,0.0011487901099429543,2009,182.3131232876712
38,0.005584429910656219,2009,22390.614326383562
39,-0.011356251524292982,2009,1517.3367945205482
40,-0.04317985709708427,2009,1733.9890410958903
41,0.03976892713717284,2009,117.8082191780822
42,0.014983796929785242,2009,269.08790000000005
43,-0.012867598734560781,2009,664.5207940283817
44,-0.11362618576986672,2009,309.66027397260274
45,0.004407685665657635,2009,241.0003
46,0.018443433087153904,2009,1687.2794712328766
47,-0.03918018731752826,2009,2137.939561643835
48,0.040016209242440315,2009,0.0
49,-0.06932272480668977,2009,475.21246301369854
50,-0.06004213555308635,2009,82.46208219178084
51,0.009788557555920674,2009,181.4773760273973
52,-0.01940148976956546,2009,9417.774276905091
53,-0.01721643632721992,2009,457.76208652248164
54,-0.03663150206922372,2009,154.67320058639248
55,-0.0004453992629191994,2009,3805.374520547945
56,-0.025627414219370315,2009,689.4368493150686
57,-0.030459355802727406,2009,948.8027397260274
58,-0.014574685103411755,2009,658.8465753424657
59,-0.05534004018652072,2009,237.941
60,-0.06316192237023,2009,331.68219178082194
61,-0.0467394474475995,2009,279.13280091884786
62,-0.01302437332949935,2009,7563.651964740053
63,0.0062842081265399585,2009,74057.63617011366
64,0.02908329801019005,2009,15847.014390263896
65,-0.001455560824205837,2009,58210.62177984975
66,-0.0049493096254830116,2009,30368.149164739723
67,0.013341992261935998,2009,43689.48700537391
68,-0.053090277834248245,2009,627.8481194611061
1,-0.02919445156828082,2010,2577.019523287671
2,0.056015515798769844,2010,5484.399
3,0.03868467278949139,2010,10910.535636377159
4,0.05769797839247337,2010,589.3335173706865
5,0.05329571018108292,2010,2054.6642446939077
6,-0.025841968736178722,2010,785.8645999999999
7,-0.010156165260606476,2010,486.0870101369863
8,,2010,0.0
9,-0.03755435372089688,2010,122.78345479452057
10,-0.029791872322899815,2010,98.18234520547946
11,-0.10896046509509627,2010,2694.72602739726
12,-0.04201163509688888,2010,125.03534624280324
13,0.00043158554228939217,2010,6956.676545841644
14,-0.10318736296501418,2010,249.45960065753422
15,-0.02568764040173399,2010,105.93120441917806
16,0.016551186940767737,2010,1890.4234185204675
17,-0.033384416669812844,2010,85.75802739726028
18,-0.0204241695304912,2010,1233.6050712328765
19,-0.023097467829953366,2010,319.26365727034874
20,-0.00374527667638469,2010,3884.440979497665
21,-0.034270749059132743,2010,1023.2578904109588
22,0.009538899651612143,2010,1675.590095890411
23,0.0002389771399176066,2010,10150.34402736
24,-0.03551679180495193,2010,216.0
25,-0.04630698552630541,2010,86.55836698630137
26,0.022754318524043304,2010,36.199999999999996
27,-0.0011289416648770922,2010,13187.950380647673
28,0.021289375191202442,2010,4068.4058219178087
29,0.0339826475113858,2010,2424.0410000000006
30,-0.009402357438769049,2010,2306.821918
31,0.010791944129982411,2010,864.5882191780822
32,-0.010926915372265755,2010,1307.4226657534246
33,-0.002723658103960025,2010,8423.052054794522
34,-0.038323684331779684,2010,349.99999999999994
35,0.00615425333764974,2010,2580.829
36,-0.18737991528886822,2010,283.8949
37,0.0011487901099429543,2010,181.93622191780818
38,0.005584429910656219,2010,22790.99180156165
39,-0.011356251524292982,2010,1460.77701369863
40,-0.04317985709708427,2010,1793.0821917808219
41,0.03976892713717284,2010,121.91780821917806
42,0.014983796929785242,2010,306.8935
43,-0.012867598734560781,2010,663.3240915429416
44,-0.11362618576986672,2010,286.4328767123288
45,0.004407685665657635,2010,233.19500000000002
46,0.018443433087153904,2010,1748.4634328767124
47,-0.03918018731752826,2010,2454.9134410958904
48,0.040016209242440315,2010,0.0
49,-0.06932272480668977,2010,462.07089589041095
50,-0.06004213555308635,2010,79.22155832876713
51,0.009788557555920674,2010,148.81200547945207
52,-0.01940148976956546,2010,9759.10381562513
53,-0.01721643632721992,2010,472.7059875555411
54,-0.03663150206922372,2010,159.47488122570064
55,-0.0004453992629191994,2010,4076.966082191781
56,-0.025627414219370315,2010,761.7774246575343
57,-0.030459355802727406,2010,944.8986301369863
58,-0.014574685103411755,2010,653.3643835616438
59,-0.05534004018652072,2010,241.80100000000004
60,-0.06316192237023,2010,304.3934246575343
61,-0.0467394474475995,2010,266.75802530698445
62,-0.01302437332949935,2010,7882.139839293707
63,0.0062842081265399585,2010,75371.83899884463
64,0.02908329801019005,2010,15917.52772754022
65,-0.001455560824205837,2010,59454.31127130441
66,-0.0049493096254830116,2010,30781.633278273974
67,0.013341992261935998,2010,44590.20572057064
68,-0.053090277834248245,2010,605.8805541004856
1,-0.02919445156828082,2011,2552.615309589041
2,0.056015515798769844,2011,5674.207
3,0.03868467278949139,2011,11248.288853239119
4,0.05769797839247337,2011,553.4322938162741
5,0.05329571018108292,2011,2105.3955715889183
6,-0.025841968736178722,2011,915.2647150684932
7,-0.010156165260606476,2011,499.60800101369864
8,,2011,0.0
9,-0.03755435372089688,2011,116.6096
10,-0.029791872322899815,2011,91.91894520547945
11,-0.10896046509509627,2011,2623.17808219178
12,-0.04201163509688888,2011,125.39843299404302
13,0.00043158554228939217,2011,7030.805641878687
14,-0.10318736296501418,2011,224.507517260274
15,-0.02568764040173399,2011,110.14006960958902
16,0.016551186940767737,2011,1776.796264196997
17,-0.033384416669812844,2011,83.84452054794521
18,-0.0204241695304912,2011,1027.9261430136985
19,-0.023097467829953366,2011,316.9610773550926
20,-0.00374527667638469,2011,3540.175591983597
21,-0.034270749059132743,2011,918.7969589041096
22,0.009538899651612143,2011,1684.0448356164386
23,0.0002389771399176066,2011,10286.597701255889
24,-0.03551679180495193,2011,223.59999999999997
25,-0.04630698552630541,2011,80.02391794520548
26,0.022754318524043304,2011,35.992
27,-0.0011289416648770922,2011,13229.055413721642
28,0.021289375191202442,2011,4048.304109589043
29,0.0339826475113858,2011,2728.11
30,-0.009402357438769049,2011,2645.05479452055
31,0.010791944129982411,2011,884.9202739726028
32,-0.010926915372265755,2011,1398.5145835616438
33,-0.002723658103960025,2011,9566.205479452055
34,-0.038323684331779684,2011,319.0
35,0.00615425333764974,2011,2828.17
36,-0.18737991528886822,2011,197.22430000000003
37,0.0011487901099429543,2011,190.69468493150688
38,0.005584429910656219,2011,24806.198226027405
39,-0.011356251524292982,2011,1416.3678630136988
40,-0.04317985709708427,2011,1656.4383561643833
41,0.03976892713717284,2011,113.6986301369863
42,0.014983796929785242,2011,291.7626
43,-0.012867598734560781,2011,649.1911260669187
44,-0.11362618576986672,2011,279.93424657534246
45,0.004407685665657635,2011,236.28200000000007
46,0.018443433087153904,2011,507.53906849315075
47,-0.03918018731752826,2011,2373.274608219178
48,0.040016209242440315,2011,0.0
49,-0.06932272480668977,2011,291.0022712328767
50,-0.06004213555308635,2011,69.5081191780822
51,0.009788557555920674,2011,199.65320821917808
52,-0.01940148976956546,2011,8084.652097299796
53,-0.01721643632721992,2011,411.23299614037376
54,-0.03663150206922372,2011,152.59357633485183
55,-0.0004453992629191994,2011,4074.1846986301375
56,-0.025627414219370315,2011,793.7090136986303
57,-0.030459355802727406,2011,902.0520547945205
58,-0.014574685103411755,2011,582.9968684931507
59,-0.05534004018652072,2011,224.127
60,-0.06316192237023,2011,308.01123287671237
61,-0.0467394474475995,2011,253.13168048377395
62,-0.01302437332949935,2011,7702.039121452151
63,0.0062842081265399585,2011,75641.21494560239
64,0.02908329801019005,2011,15973.357100346173
65,-0.001455560824205837,2011,59667.85784525623
66,-0.0049493096254830116,2011,31200.621208219178
67,0.013341992261935998,2011,44440.593737383184
68,-0.053090277834248245,2011,581.4546382249555
1,-0.02919445156828082,2012,2547.911754098361
2,0.056015515798769844,2012,6523.770999999999
3,0.03868467278949139,2012,12321.997448863669
4,0.05769797839247337,2012,549.3891995039112
5,0.05329571018108292,2012,2061.2219866566065
6,-0.025841968736178722,2012,944.1192267759562
7,-0.010156165260606476,2012,503.61553559289615
8,,2012,0.0
9,-0.03755435372089688,2012,111.734087431694
10,-0.029791872322899815,2012,81.73482513661202
11,-0.10896046509509627,2012,2579.8551912568305
12,-0.04201163509688888,2012,131.39937460871755
13,0.00043158554228939217,2012,6963.069426963225
14,-0.10318736296501418,2012,204.23533494535522
15,-0.02568764040173399,2012,111.64176482172131
16,0.016551186940767737,2012,1623.5458669365842
17,-0.033384416669812844,2012,79.20382513661202
18,-0.0204241695304912,2012,885.4762131147542
19,-0.023097467829953366,2012,318.04699016520306
20,-0.00374527667638469,2012,3222.1499951202295
21,-0.034270749059132743,2012,871.897431693989
22,0.009538899651612143,2012,1662.391306010929
23,0.0002389771399176066,2012,10395.296037808961
24,-0.03551679180495193,2012,230.56830601092895
25,-0.04630698552630541,2012,71.62431693989072
26,0.022754318524043304,2012,35.27934426229508
27,-0.0011289416648770922,2012,13267.056742726994
28,0.021289375191202442,2012,3397.7158469945352
29,0.0339826475113858,2012,3037.0000000000005
30,-0.009402357438769049,2012,2889.9043715847
31,0.010791944129982411,2012,918.4718579234973
32,-0.010926915372265755,2012,1483.6006705078125
33,-0.002723658103960025,2012,9986.797814207652
34,-0.038323684331779684,2012,146.0
35,0.00615425333764974,2012,2915.0
36,-0.18737991528886822,2012,156.44830322265625
37,0.0011487901099429543,2012,173.3899180327869
38,0.005584429910656219,2012,25104.32878247364
39,-0.011356251524292982,2012,1320.4342076502733
40,-0.04317985709708427,2012,1714.207650273224
41,0.03976892713717284,2012,100.81967213114754
42,0.014983796929785242,2012,268.4701
43,-0.012867598734560781,2012,649.3723207532325
44,-0.11362618576986672,2012,299.4833333333333
45,0.004407685665657635,2012,221.14800000000005
46,0.018443433087153904,2012,1498.5327999999997
47,-0.03918018731752826,2012,2329.9908551912567
48,0.040016209242440315,2012,31.040999999999993
49,-0.06932272480668977,2012,103.1075
50,-0.06004213555308635,2012,68.51693349726776
51,0.009788557555920674,2012,207.71396721311473
52,-0.01940148976956546,2012,8812.838340042848
53,-0.01721643632721992,2012,405.4006432989658
54,-0.03663150206922372,2012,146.16956341727152
55,-0.0004453992629191994,2012,4155.228797814208
56,-0.025627414219370315,2012,786.449699453552
57,-0.030459355802727406,2012,859.0000000000001
58,-0.014574685103411755,2012,597.5575491803278
59,-0.05534004018652072,2012,238.616
60,-0.06316192237023,2012,338.5405191256831
61,-0.0467394474475995,2012,242.54915492035934
62,-0.01302437332949935,2012,7769.5119272103675
63,0.0062842081265399585,2012,77460.95266340095
64,0.02908329801019005,2012,16747.52957097412
65,-0.001455560824205837,2012,60713.423092426834
66,-0.0049493096254830116,2012,32458.540170491804
67,0.013341992261935998,2012,45002.41249290916
68,-0.053090277834248245,2012,555.5770068175254
1,-0.02919445156828082,2013,2522.127101369864
2,0.056015515798769844,2013,7495.399
3,0.03868467278949139,2013,13503.504646250276
4,0.05769797839247337,2013,539.9403734619144
5,0.05329571018108292,2013,2023.8717654513614
6,-0.025841968736178722,2013,1009.8716958065755
7,-0.010156165260606476,2013,526.353560520548
8,,2013,0.0
9,-0.03755435372089688,2013,117.60007671232879
10,-0.029791872322899815,2013,81.15689589041095
11,-0.10896046509509627,2013,2564.356164383562
12,-0.04201163509688888,2013,135.37866306702932
13,0.00043158554228939217,2013,6998.52919529373
14,-0.10318736296501418,2013,178.17798887671236
15,-0.02568764040173399,2013,114.12588875426303
16,0.016551186940767737,2013,1542.741015829567
17,-0.033384416669812844,2013,83.1861095890411
18,-0.0204241695304912,2013,810.3657797260275
19,-0.023097467829953366,2013,328.15467478621264
20,-0.00374527667638469,2013,3056.751457561824
21,-0.034270749059132743,2013,876.9884794520548
22,0.009538899651612143,2013,1720.1338739726027
23,0.0002389771399176066,2013,10528.358540790796
24,-0.03551679180495193,2013,238.79999999999995
25,-0.04630698552630541,2013,68.77312684931508
26,0.022754318524043304,2013,35.088
27,-0.0011289416648770922,2013,13468.14202106477
28,0.021289375191202442,2013,3191.5972602739726
29,0.0339826475113858,2013,3057.9999999999995
30,-0.009402357438769049,2013,2846.6027397260273
31,0.010791944129982411,2013,941.9493150684933
32,-0.010926915372265755,2013,1462.6771180664061
33,-0.002723658103960025,2013,9874.808219178081
34,-0.038323684331779684,2013,45.0
35,0.00615425333764974,2013,3057.534
36,-0.18737991528886822,2013,173.91830444335938
37,0.0011487901099429543,2013,198.90820547945205
38,0.005584429910656219,2013,24850.995162235788
39,-0.011356251524292982,2013,1275.0982465753425
40,-0.04317985709708427,2013,1715.5520246575345
41,0.03976892713717284,2013,90.63539721179771
42,0.014983796929785242,2013,233.54909999999998
43,-0.012867598734560781,2013,643.0752069301392
44,-0.11362618576986672,2013,261.4224657534247
45,0.004407685665657635,2013,213.40499999999994
46,0.018443433087153904,2013,1025.4794575342466
47,-0.03918018731752826,2013,2193.118087671233
48,0.040016209242440315,2013,99.72880000000002
49,-0.06932272480668977,2013,117.85339999999998
50,-0.06004213555308635,2013,61.92057526027398
51,0.009788557555920674,2013,241.82578630136987
52,-0.01940148976956546,2013,8172.66354789536
53,-0.01721643632721992,2013,334.6868610056294
54,-0.03663150206922372,2013,122.02218375532385
55,-0.0004453992629191994,2013,4216.442627534247
56,-0.025627414219370315,2013,784.5523287671233
57,-0.030459355802727406,2013,824.9999999999999
58,-0.014574685103411755,2013,588.2082191780822
59,-0.05534004018652072,2013,240.64
60,-0.06316192237023,2013,336.9662191780822
61,-0.0467394474475995,2013,232.75458004162894
62,-0.01302437332949935,2013,7681.273019460115
63,0.0062842081265399585,2013,77731.85904976187
64,0.02908329801019005,2013,17748.9256747868
65,-0.001455560824205837,2013,59982.93337497507
66,-0.0049493096254830116,2013,31510.522765753427
67,0.013341992261935998,2013,46221.33628400843
68,-0.053090277834248245,2013,546.2224392939003
1,-0.02919445156828082,2014,2428.767490410959
2,0.056015515798769844,2014,8790.804
3,0.03868467278949139,2014,14977.090642900388
4,0.05769797839247337,2014,532.1296333821361
5,0.05329571018108292,2014,2254.5974464963697
6,-0.025841968736178722,2014,990.3790511333896
7,-0.010156165260606476,2014,556.5539028712328
8,,2014,0.0
9,-0.03755435372089688,2014,121.38155622113317
10,-0.029791872322899815,2014,81.26186027397262
11,-0.10896046509509627,2014,2578.4931506849316
12,-0.04201163509688888,2014,139.19246305777605
13,0.00043158554228939217,2014,7253.989064120942
14,-0.10318736296501418,2014,166.84044769863016
15,-0.02568764040173399,2014,119.58407558881646
16,0.016551186940767737,2014,1569.9704681576034
17,-0.033384416669812844,2014,81.54008219178081
18,-0.0204241695304912,2014,791.1491030136987
19,-0.023097467829953366,2014,326.98626428473835
20,-0.00374527667638469,2014,3056.070440935268
21,-0.034270749059132743,2014,849.0213561643837
22,0.009538899651612143,2014,1700.5628328767125
23,0.0002389771399176066,2014,10479.039213066082
24,-0.03551679180495193,2014,246.4
25,-0.04630698552630541,2014,62.62210849315069
26,0.022754318524043304,2014,35.03
27,-0.0011289416648770922,2014,13372.675510600327
28,0.021289375191202442,2014,3272.9835616438354
29,0.0339826475113858,2014,3198.287671232876
30,-0.009402357438769049,2014,2829.8630136986303
31,0.010791944129982411,2014,943.4789041095889
32,-0.010926915372265755,2014,1425.5910578125
33,-0.002723658103960025,2014,9941.467123287672
34,-0.038323684331779684,2014,23.0
35,0.00615425333764974,2014,3053.0000000000005
36,-0.18737991528886822,2014,128.26510620117188
37,0.0011487901099429543,2014,203.58642191780822
38,0.005584429910656219,2014,25019.52285990409
39,-0.011356251524292982,2014,1328.8712328767124
40,-0.04317985709708427,2014,1671.6726136986301
41,0.03976892713717284,2014,88.80447873605114
42,0.014983796929785242,2014,245.17640000000003
43,-0.012867598734560781,2014,667.4003808219178
44,-0.11362618576986672,2014,265.56876712328767
45,0.004407685665657635,2014,210.905
46,0.018443433087153904,2014,510.1918
47,-0.03918018731752826,2014,2187.7851753424657
48,0.040016209242440315,2014,155.35159999999996
49,-0.06932272480668977,2014,119.6045
50,-0.06004213555308635,2014,57.73350720547946
51,0.009788557555920674,2014,246.77469589041095
52,-0.01940148976956546,2014,7755.840151694954
53,-0.01721643632721992,2014,353.29780786414443
54,-0.03663150206922372,2014,114.3536941286762
55,-0.0004453992629191994,2014,4245.957726027397
56,-0.025627414219370315,2014,778.191808219178
57,-0.030459355802727406,2014,788.77
58,-0.014574685103411755,2014,610.0164383561644
59,-0.05534004018652072,2014,232.85199999999998
60,-0.06316192237023,2014,315.41643835616435
61,-0.0467394474475995,2014,256.53836130671806
62,-0.01302437332949935,2014,7695.394274258443
63,0.0062842081265399585,2014,79130.58294441439
64,0.02908329801019005,2014,19232.770994649763
65,-0.001455560824205837,2014,59897.81194976464
66,-0.0049493096254830116,2014,31294.26550958904
67,0.013341992261935998,2014,47836.31743482536
68,-0.053090277834248245,2014,542.0737188598561
1,-0.02919445156828082,2015,2266.8313890410964
2,0.056015515798769844,2015,9439.432
3,0.03868467278949139,2015,15569.215278719834
4,0.05769797839247337,2015,532.4388147004189
5,0.05329571018108292,2015,2437.440349260688
6,-0.025841968736178722,2015,1005.5744356164383
7,-0.010156165260606476,2015,543.0948606027396
8,,2015,0.0
9,-0.03755435372089688,2015,103.66582010189984
10,-0.029791872322899815,2015,78.62978630136986
11,-0.10896046509509627,2015,2746.871
12,-0.04201163509688888,2015,132.96761062853014
13,0.00043158554228939217,2015,7580.682677212085
14,-0.10318736296501418,2015,157.79915583561643
15,-0.02568764040173399,2015,113.4675573088247
16,0.016551186940767737,2015,1614.471172120432
17,-0.033384416669812844,2015,80.28498630136987
18,-0.0204241695304912,2015,903.231029589041
19,-0.023097467829953366,2015,317.22270186916126
20,-0.00374527667638469,2015,3186.476603024445
21,-0.034270749059132743,2015,840.0244520547946
22,0.009538899651612143,2015,1671.9516082191783
23,0.0002389771399176066,2015,10616.586097844602
24,-0.03551679180495193,2015,254.0
25,-0.04630698552630541,2015,59.53269273972602
26,0.022754318524043304,2015,35.534600000000005
27,-0.0011289416648770922,2015,13477.6294508583
28,0.021289375191202442,2015,3392.2192
29,0.0339826475113858,2015,3945.274
30,-0.009402357438769049,2015,2781.5341999999996
31,0.010791944129982411,2015,981.0898630136988
32,-0.010926915372265755,2015,1374.2796244140623
33,-0.002723658103960025,2015,10420.271232876712
34,-0.038323684331779684,2015,19.0
35,0.00615425333764974,2015,3261.9810083007815
36,-0.18737991528886822,2015,28.367799758911133
37,0.0011487901099429543,2015,202.79067123287672
38,0.005584429910656219,2015,26406.80759959704
39,-0.011356251524292982,2015,1289.8800273972602
40,-0.04317985709708427,2015,1779.5240000000001
41,0.03976892713717284,2015,110.61388069107186
42,0.014983796929785242,2015,227.2085
43,-0.012867598734560781,2015,662.0164383561645
44,-0.11362618576986672,2015,242.33082191780824
45,0.004407685665657635,2015,213.53999999999996
46,0.018443433087153904,2015,421.64383561643837
47,-0.03918018731752826,2015,2119.0646356164384
48,0.040016209242440315,2015,147.73770141601562
49,-0.06932272480668977,2015,109.06215616438354
50,-0.06004213555308635,2015,52.25256635942297
51,0.009788557555920674,2015,276.145549072407
52,-0.01940148976956546,2015,7651.02011260741
53,-0.01721643632721992,2015,322.24509838354794
54,-0.03663150206922372,2015,115.3199929084108
55,-0.0004453992629191994,2015,4308.835068493151
56,-0.025627414219370315,2015,771.5199452054793
57,-0.030459355802727406,2015,785.7930000000001
58,-0.014574685103411755,2015,661.61
59,-0.05534004018652072,2015,248.016
60,-0.06316192237023,2015,342.3808219178082
61,-0.0467394474475995,2015,260.563337777028
62,-0.01302437332949935,2015,7816.283264685426
63,0.0062842081265399585,2015,81688.11498670456
64,0.02908329801019005,2015,19945.365770596392
65,-0.001455560824205837,2015,61742.74921610816
66,-0.0049493096254830116,2015,32841.342461725435
67,0.013341992261935998,2015,48846.7725249791
68,-0.053090277834248245,2015,522.4828823834654
1,-0.02919445156828082,2016,2153.526316939891
2,0.056015515798769844,2016,8846.434
3,0.03868467278949139,2016,14868.182650867073
4,0.05769797839247337,2016,510.64877181815746
5,0.05329571018108292,2016,2509.9712150795253
6,-0.025841968736178722,2016,885.8984335519126
7,-0.010156165260606476,2016,548.3918326502734
8,,2016,0.0
9,-0.03755435372089688,2016,90.86065435623183
10,-0.029791872322899815,2016,71.48644262295082
11,-0.10896046509509627,2016,2460.503
12,-0.04201163509688888,2016,122.7385761302256
13,0.00043158554228939217,2016,7200.498926209277
14,-0.10318736296501418,2016,141.70371928961748
15,-0.02568764040173399,2016,77.77725481137159
16,0.016551186940767737,2016,1654.7306111223902
17,-0.033384416669812844,2016,75.63349726775957
18,-0.0204241695304912,2016,933.2748247868853
19,-0.023097467829953366,2016,296.74340222550245
20,-0.00374527667638469,2016,3179.863309503526
21,-0.034270749059132743,2016,826.3972267759565
22,0.009538899651612143,2016,1637.281838797814
23,0.0002389771399176066,2016,10862.849255409836
24,-0.03551679180495193,2016,250.31420765027326
25,-0.04630698552630541,2016,57.17851256830601
26,0.022754318524043304,2016,36.20946797814207
27,-0.0011289416648770922,2016,13670.230509180328
28,0.021289375191202442,2016,4090.1802999999995
29,0.0339826475113858,2016,4375.136599999999
30,-0.009402357438769049,2016,2860.109300000001
31,0.010791944129982411,2016,1004.262568306011
32,-0.010926915372265755,2016,1373.1027731445315
33,-0.002723658103960025,2016,10688.199999999999
34,-0.038323684331779684,2016,16.999999999999996
35,0.00615425333764974,2016,3366.284000000001
36,-0.18737991528886822,2016,16.27050018310547
37,0.0011487901099429543,2016,203.93279234972678
38,0.005584429910656219,2016,27994.47883398337
39,-0.011356251524292982,2016,1315.7754098360658
40,-0.04317985709708427,2016,1721.6203005464486
41,0.03976892713717284,2016,116.51713661202184
42,0.014983796929785242,2016,225.00799999999995
43,-0.012867598734560781,2016,631.3588797814209
44,-0.11362618576986672,2016,203.67921311475408
45,0.004407685665657635,2016,220.65699999999995
46,0.018443433087153904,2016,396.775956284153
47,-0.03918018731752826,2016,1821.6912732240435
48,0.040016209242440315,2016,136.6917
49,-0.06932272480668977,2016,84.08295172824091
50,-0.06004213555308635,2016,46.21330601092897
51,0.009788557555920674,2016,270.22612367548385
52,-0.01940148976956546,2016,7190.29725081356
53,-0.01721643632721992,2016,289.69218499748484
54,-0.03663150206922372,2016,109.07946781230476
55,-0.0004453992629191994,2016,3999.15587431694
56,-0.025627414219370315,2016,752.1750273224043
57,-0.030459355802727406,2016,829.0448833660147
58,-0.014574685103411755,2016,666.8299999999999
59,-0.05534004018652072,2016,257.56899999999996
60,-0.06316192237023,2016,307.50409836065575
61,-0.0467394474475995,2016,246.21856012974672
62,-0.01302437332949935,2016,7457.269096305552
63,0.0062842081265399585,2016,81560.82057686271
64,0.02908329801019005,2016,19094.71159094807
65,-0.001455560824205837,2016,62466.1089859146
66,-0.0049493096254830116,2016,33745.62035300546
67,0.013341992261935998,2016,47815.20022385723
68,-0.053090277834248245,2016,455.9720637164785
1,-0.02919445156828082,2017,1948.263210958904
2,0.056015515798769844,2017,9357.392
3,0.03868467278949139,2017,15521.899256288292
4,0.05769797839247337,2017,479.9963782786355
5,0.05329571018108292,2017,2621.7199654254073
6,-0.025841968736178722,2017,854.0399496931506
7,-0.010156165260606476,2017,531.3125729041095
8,,2017,0.0
9,-0.03755435372089688,2017,87.97816383037659
10,-0.029791872322899815,2017,71.8238202063088
11,-0.10896046509509627,2017,2095.4038266666666
12,-0.04201163509688888,2017,118.65788171542481
13,0.00043158554228939217,2017,6860.93255872008
14,-0.10318736296501418,2017,138.24625432876712
15,-0.02568764040173399,2017,86.042492460274
16,0.016551186940767737,2017,1629.2710451036364
17,-0.033384416669812844,2017,72.79556164383563
18,-0.0204241695304912,2017,913.4733843123288
19,-0.023097467829953366,2017,284.20653291397497
20,-0.00374527667638469,2017,3124.0352707628167
21,-0.034270749059132743,2017,781.4085479452056
22,0.009538899651612143,2017,1813.0913506849313
23,0.0002389771399176066,2017,10898.15906389041
24,-0.03551679180495193,2017,248.0
25,-0.04630698552630541,2017,60.95077109589042
26,0.022754318524043304,2017,36.93155859375
27,-0.0011289416648770922,2017,13838.541292210188
28,0.021289375191202442,2017,4491.0
29,0.0339826475113858,2017,4473.4794921875
30,-0.009402357438769049,2017,2704.2359999999994
31,0.010791944129982411,2017,970.5695890410958
32,-0.010926915372265755,2017,1333.3111707031248
33,-0.002723658103960025,2017,10175.162
34,-0.038323684331779684,2017,16.609699249267578
35,0.00615425333764974,2017,3249.526
36,-0.18737991528886822,2017,44.00000000000001
37,0.0011487901099429543,2017,198.4106410958904
38,0.005584429910656219,2017,27656.30459227688
39,-0.011356251524292982,2017,1286.7146849315068
40,-0.04317985709708427,2017,1632.3565041095887
41,0.03976892713717284,2017,98.41163835616439
42,0.014983796929785242,2017,262.73
43,-0.012867598734560781,2017,602.9006849315069
44,-0.11362618576986672,2017,174.07956986301372
45,0.004407685665657635,2017,210.066
46,0.018443433087153904,2017,908.9041095890411
47,-0.03918018731752826,2017,1889.7080904109587
48,0.040016209242440315,2017,147.2005
49,-0.06932272480668977,2017,70.01402700719345
50,-0.06004213555308635,2017,39.05682191780822
51,0.009788557555920674,2017,317.22683715110395
52,-0.01940148976956546,2017,7639.369468267886
53,-0.01721643632721992,2017,263.2587362569766
54,-0.03663150206922372,2017,100.58729290880675
55,-0.0004453992629191994,2017,3845.860219178082
56,-0.025627414219370315,2017,744.1661917808219
57,-0.030459355802727406,2017,801.0239999999999
58,-0.014574685103411755,2017,660.3941111490882
59,-0.05534004018652072,2017,239.82000000000002
60,-0.06316192237023,2017,275.0598630136986
61,-0.0467394474475995,2017,237.1154684293843
62,-0.01302437332949935,2017,7167.2858827168575
63,0.0062842081265399585,2017,81808.36832124296
64,0.02908329801019005,2017,19636.695152995577
65,-0.001455560824205837,2017,62171.673168247406
66,-0.0049493096254830116,2017,33553.36627775828
67,0.013341992261935998,2017,48255.00204348472
68,-0.053090277834248245,2017,450.10618309863247
1,-0.02919445156828082,2018,1833.2951808219182
2,0.056015515798769844,2018,10951.177
3,0.03868467278949139,2018,17380.913486683916
4,0.05769797839247337,2018,489.83304378670704
5,0.05329571018108292,2018,2586.62325228368
6,-0.025841968736178722,2018,865.4809831504359
7,-0.010156165260606476,2018,517.2396472958904
8,,2018,0.0
9,-0.03755435372089688,2018,91.6722010555401
10,-0.029791872322899815,2018,63.494622946
11,-0.10896046509509627,2018,1553.20265
12,-0.04201163509688888,2018,113.88539714562873
13,0.00043158554228939217,2018,6281.431797663883
14,-0.10318736296501418,2018,115.87670241095891
15,-0.02568764040173399,2018,97.15947688575343
16,0.016551186940767737,2018,1527.177783842716
17,-0.033384416669812844,2018,71.72564383561644
18,-0.0204241695304912,2018,1002.171611589041
19,-0.023097467829953366,2018,289.1708099947925
20,-0.00374527667638469,2018,3103.282028558878
21,-0.034270749059132743,2018,783.3290000000001
22,0.009538899651612143,2018,1899.809969863014
23,0.0002389771399176066,2018,11083.293585972604
24,-0.03551679180495193,2018,236.0
25,-0.04630698552630541,2018,63.989380136986306
26,0.022754318524043304,2018,37.87877999999999
27,-0.0011289416648770922,2018,14104.300715972604
28,0.021289375191202442,2018,4241.0
29,0.0339826475113858,2018,4567.5341796875
30,-0.009402357438769049,2018,2736.603
31,0.010791944129982411,2018,978.3873972602739
32,-0.010926915372265755,2018,1327.668339746094
33,-0.002723658103960025,2018,10533.0
34,-0.038323684331779684,2018,16.05190086364746
35,0.00615425333764974,2018,3293.342
36,-0.18737991528886822,2018,66.50679779052734
37,0.0011487901099429543,2018,195.64250684931508
38,0.005584429910656219,2018,27955.73612219736
39,-0.011356251524292982,2018,1258.842383561644
40,-0.04317985709708427,2018,1478.939904109589
41,0.03976892713717284,2018,115.50546027397259
42,0.014983796929785242,2018,323.466
43,-0.012867598734560781,2018,616.8016438356165
44,-0.11362618576986672,2018,157.1952
45,0.004407685665657635,2018,193.447
46,0.018443433087153904,2018,1143.9726328767124
47,-0.03918018731752826,2018,1921.7312054794518
48,0.040016209242440315,2018,144.296
49,-0.06932272480668977,2018,74.19971663116236
50,-0.06004213555308635,2018,38.342301369863016
51,0.009788557555920674,2018,314.81063800900836
52,-0.01940148976956546,2018,7781.550086147021
53,-0.01721643632721992,2018,282.3521891451569
54,-0.03663150206922372,2018,99.51972647406949
55,-0.0004453992629191994,2018,3802.040876712329
56,-0.025627414219370315,2018,719.4571780821917
57,-0.030459355802727406,2018,772.0
58,-0.014574685103411755,2018,652.8099132035321
59,-0.05534004018652072,2018,228.20999999999998
60,-0.06316192237023,2018,243.28849315068496
61,-0.0467394474475995,2018,204.08996409550306
62,-0.01302437332949935,2018,7003.7683408634675
63,0.0062842081265399585,2018,83610.98257808713
64,0.02908329801019005,2018,21497.341443876696
65,-0.001455560824205837,2018,62113.641134210426
66,-0.0049493096254830116,2018,33402.2761557149
67,0.013341992261935998,2018,50208.706422372234
68,-0.053090277834248245,2018,435.72590355671036
1,-0.02919445156828082,2019,1700.6981315068492
2,0.056015515798769844,2019,12311.08
3,0.03868467278949139,2019,18702.19012319695
4,0.05769797839247337,2019,607.8451838419564
5,0.05329571018108292,2019,2787.7577346119483
6,-0.025841968736178722,2019,885.8297257178084
7,-0.010156165260606476,2019,531.0029676136987
8,,2019,1.16986301369863
9,-0.03755435372089688,2019,95.38690852300232
10,-0.029791872322899815,2019,58.85134987895691
11,-0.10896046509509627,2019,971.5082305943189
12,-0.04201163509688888,2019,108.31514444979202
13,0.00043158554228939217,2019,6047.66710824518
14,-0.10318736296501418,2019,102.95639084931508
15,-0.02568764040173399,2019,88.74614855205479
16,0.016551186940767737,2019,1472.6090573678187
17,-0.033384416669812844,2019,70.77917808219178
18,-0.0204241695304912,2019,1019.2444743941678
19,-0.023097467829953366,2019,285.45486593917803
20,-0.00374527667638469,2019,3039.790115184727
21,-0.034270749059132743,2019,761.6068493150684
22,0.009538899651612143,2019,1903.0993068493153
23,0.0002389771399176066,2019,11186.271423178081
24,-0.03551679180495193,2019,227.74
25,-0.04630698552630541,2019,62.397136986301376
26,0.022754318524043304,2019,38.927865999999995
27,-0.0011289416648770922,2019,14180.042582328766
28,0.021289375191202442,2019,3023.0
29,0.0339826475113858,2019,4711.72607421875
30,-0.009402357438769049,2019,2677.655
31,0.010791944129982411,2019,970.938630136986
32,-0.010926915372265755,2019,1266.4606666015625
33,-0.002723658103960025,2019,10145.0
34,-0.038323684331779684,2019,24.6489
35,0.00615425333764974,2019,3344.899000000001
36,-0.18737991528886822,2019,67.00000000000001
37,0.0011487901099429543,2019,195.85753424657528
38,0.005584429910656219,2019,26427.185805203873
39,-0.011356251524292982,2019,1239.203315068493
40,-0.04317985709708427,2019,1373.0
41,0.03976892713717284,2019,126.87781095890408
42,0.014983796929785242,2019,329.197
43,-0.012867598734560781,2019,597.3206849315069
44,-0.11362618576986672,2019,143.62773150684933
45,0.004407685665657635,2019,217.83100000000002
46,0.018443433087153904,2019,1204.7260273972602
47,-0.03918018731752826,2019,2014.3670000000004
48,0.040016209242440315,2019,171.51600000000002
49,-0.06932272480668977,2019,72.16792800536608
50,-0.06004213555308635,2019,35.56126027397261
51,0.009788557555920674,2019,346.7646316711553
52,-0.01940148976956546,2019,7872.160389813508
53,-0.01721643632721992,2019,360.7249542493481
54,-0.03663150206922372,2019,109.57204865439225
55,-0.0004453992629191994,2019,3848.3102465753423
56,-0.025627414219370315,2019,677.1899178082192
57,-0.030459355802727406,2019,745.28
58,-0.014574685103411755,2019,610.1355742887866
59,-0.05534004018652072,2019,228.22099999999998
60,-0.06316192237023,2019,224.61610958904112
61,-0.0467394474475995,2019,201.59125723248872
62,-0.01302437332949935,2019,7005.641108397617
63,0.0062842081265399585,2019,83274.67723237062
64,0.02908329801019005,2019,22853.589354853688
65,-0.001455560824205837,2019,60421.08787751694
66,-0.0049493096254830116,2019,31395.740378785675
67,0.013341992261935998,2019,51878.93685358494
68,-0.053090277834248245,2019,402.5540571158905
1,-0.02919445156828082,2020,1705.3644344262295
2,0.056015515798769844,2020,11318.315999999999
3,0.03868467278949139,2020,17493.735747857587
4,0.05769797839247337,2020,600.9963231909245
5,0.05329571018108292,2020,2939.9503765324253
6,-0.025841968736178722,2020,781.0826001092896
7,-0.010156165260606476,2020,479.3708239071038
8,,2020,74.3032786885246
9,-0.03755435372089688,2020,83.63159735147022
10,-0.029791872322899815,2020,56.62599060986347
11,-0.10896046509509627,2020,628.0121345960537
12,-0.04201163509688888,2020,99.7933476119221
13,0.00043158554228939217,2020,5743.766472597577
14,-0.10318736296501418,2020,72.03920882513661
15,-0.02568764040173399,2020,111.56613816390986
16,0.016551186940767737,2020,1725.2856179513888
17,-0.033384416669812844,2020,68.4107650273224
18,-0.0204241695304912,2020,961.1256098360655
19,-0.023097467829953366,2020,273.73056272349737
20,-0.00374527667638469,2020,3212.1579025273204
21,-0.034270749059132743,2020,701.9255054644809
22,0.009538899651612143,2020,1796.3972377049179
23,0.0002389771399176066,2020,10191.62435125683
24,-0.03551679180495193,2020,189.2995529061103
25,-0.04630698552630541,2020,44.20073770491803
26,0.022754318524043304,2020,39.34016362903968
27,-0.0011289416648770922,2020,12962.787548666296
28,0.021289375191202442,2020,2734.0
29,0.0339826475113858,2020,4049.3442382812495
30,-0.009402357438769049,2020,2438.003
31,0.010791944129982411,2020,950.679508196721
32,-0.010926915372265755,2020,1287.7622201299403
33,-0.002723658103960025,2020,9429.999999999998
34,-0.038323684331779684,2020,33.0183
35,0.00615425333764974,2020,3071.6610087890626
36,-0.18737991528886822,2020,60.4015998840332
37,0.0011487901099429543,2020,184.3721338797814
38,0.005584429910656219,2020,24239.242009160786
39,-0.011356251524292982,2020,1098.948169398907
40,-0.04317985709708427,2020,1277.8939999999998
41,0.03976892713717284,2020,126.25528142076502
42,0.014983796929785242,2020,299.936
43,-0.012867598734560781,2020,587.431693989071
44,-0.11362618576986672,2020,143.3156530054645
45,0.004407685665657635,2020,207.419
46,0.018443433087153904,2020,404.56006258042135
47,-0.03918018731752826,2020,1832.9361321808187
48,0.040016209242440315,2020,164.52279663085938
49,-0.06932272480668977,2020,63.368213724486026
50,-0.06004213555308635,2020,32.60300546448087
51,0.009788557555920674,2020,328.3524353497914
52,-0.01940148976956546,2020,6567.542443745066
53,-0.01721643632721992,2020,351.28421151649684
54,-0.03663150206922372,2020,100.46861910219451
55,-0.0004453992629191994,2020,3900.701557377049
56,-0.025627414219370315,2020,636.443087431694
57,-0.030459355802727406,2020,708.3199999999999
58,-0.014574685103411755,2020,555.8064997169306
59,-0.05534004018652072,2020,201.86400000000003
60,-0.06316192237023,2020,195.3273360655738
61,-0.0467394474475995,2020,183.54197761158366
62,-0.01302437332949935,2020,6833.757288821522
63,0.0062842081265399585,2020,77052.98941337618
64,0.02908329801019005,2020,21708.284075165047
65,-0.001455560824205837,2020,55344.70533821112
66,-0.0049493096254830116,2020,27616.02939883198
67,0.013341992261935998,2020,49436.96001454419
68,-0.053090277834248245,2020,381.9784242753852
1,-0.02919445156828082,2021,1756.4097589041096
2,0.056015515798769844,2021,11267.728999999996
3,0.03868467278949139,2021,17769.343962999403
4,0.05769797839247337,2021,682.2257871941475
5,0.05329571018108292,2021,2905.120915890758
6,-0.025841968736178722,2021,736.3561643835618
7,-0.010156165260606476,2021,472.88116884109587
8,,2021,116.91780821917808
9,-0.03755435372089688,2021,82.24153941086189
10,-0.029791872322899815,2021,59.849445657701786
11,-0.10896046509509627,2021,629.3319658132325
12,-0.04201163509688888,2021,100.53123153234867
13,0.00043158554228939217,2021,5785.456026942888
14,-0.10318736296501418,2021,66.41992460273974
15,-0.02568764040173399,2021,100.39362507289317
16,0.016551186940767737,2021,1783.3417342071368
17,-0.033384416669812844,2021,65.79994520547945
18,-0.0204241695304912,2021,806.9698454794521
19,-0.023097467829953366,2021,273.3598721731507
20,-0.00374527667638469,2021,3096.2849467408514
21,-0.034270749059132743,2021,706.981684931507
22,0.009538899651612143,2021,1805.3485972602737
23,0.0002389771399176066,2021,10455.411872164384
24,-0.03551679180495193,2021,179.0816033315375
25,-0.04630698552630541,2021,45.76847945205479
26,0.022754318524043304,2021,40.719865999999996
27,-0.0011289416648770922,2021,13233.312103139757
28,0.021289375191202442,2021,3184.0
29,0.0339826475113858,2021,4032.383544921875
30,-0.009402357438769049,2021,2414.956
31,0.010791944129982411,2021,971.2276712328768
32,-0.010926915372265755,2021,1256.0312147514146
33,-0.002723658103960025,2021,9394.0
34,-0.038323684331779684,2021,33.49760055541992
35,0.00615425333764974,2021,3015.6029999999996
36,-0.18737991528886822,2021,55.0
37,0.0011487901099429543,2021,192.96792808219172
38,0.005584429910656219,2021,24549.666959543778
39,-0.011356251524292982,2021,1104.6693698630138
40,-0.04317985709708427,2021,1130.1485945205482
41,0.03976892713717284,2021,116.4842684931507
42,0.014983796929785242,2021,266.646
43,-0.012867598734560781,2021,561.1780821917807
44,-0.11362618576986672,2021,118.89616438356161
45,0.004407685665657635,2021,181.168
46,0.018443433087153904,2021,1246.4246133778192
47,-0.03918018731752826,2021,1619.724149000205
48,0.040016209242440315,2021,152.57899475097653
49,-0.06932272480668977,2021,64.08529198470185
50,-0.06004213555308635,2021,40.731452054794524
51,0.009788557555920674,2021,286.7401204727214
52,-0.01940148976956546,2021,6889.475101093274
53,-0.01721643632721992,2021,334.82471987124796
54,-0.03663150206922372,2021,98.11070164084249
55,-0.0004453992629191994,2021,3993.966383561644
56,-0.025627414219370315,2021,619.5063287671234
57,-0.030459355802727406,2021,658.54
58,-0.014574685103411755,2021,511.3969378487207
59,-0.05534004018652072,2021,177.169
60,-0.06316192237023,2021,184.66336986301377
61,-0.0467394474475995,2021,177.272476193592
62,-0.01302437332949935,2021,6755.449917746185
63,0.0062842081265399585,2021,78078.98901820614
64,0.02908329801019005,2021,21810.10951882393
65,-0.001455560824205837,2021,56268.879499382194
66,-0.0049493096254830116,2021,28337.95140188025
67,0.013341992261935998,2021,49741.03761632588
68,-0.053090277834248245,2021,359.26164228713975
1,-0.02919445156828082,2022,1784.5845205479452
2,0.056015515798769844,2022,11910.621999999998
3,0.03868467278949139,2022,18561.654857533096
4,0.05769797839247337,2022,831.6866615703356
5,0.05329571018108292,2022,3021.5044548381243
6,-0.025841968736178722,2022,754.2729589041095
7,-0.010156165260606476,2022,480.96738082191786
8,,2022,277.83561643835617
9,-0.03755435372089688,2022,85.93300497868755
10,-0.029791872322899815,2022,58.435408872809134
11,-0.10896046509509627,2022,688.519309772303
12,-0.04201163509688888,2022,95.36610599302807
13,0.00043158554228939217,2022,6294.520902189671
14,-0.10318736296501418,2022,65.35507232876712
15,-0.02568764040173399,2022,92.48829876058355
16,0.016551186940767737,2022,1708.918005238024
17,-0.033384416669812844,2022,62.11695890410959
18,-0.0204241695304912,2022,742.267696438356
19,-0.023097467829953366,2022,258.2734655326868
20,-0.00374527667638469,2022,2929.419497202528
21,-0.034270749059132743,2022,667.3518356164384
22,0.009538899651612143,2022,1770.7548684931508
23,0.0002389771399176066,2022,10668.97076438356
24,-0.03551679180495193,2022,173.0272031942498
25,-0.04630698552630541,2022,45.20261643835616
26,0.022754318524043304,2022,42.594
27,-0.0011289416648770922,2022,13367.901288125757
28,0.021289375191202442,2022,3311.999999999999
29,0.0339826475113858,2022,4445.5615234375
30,-0.009402357438769049,2022,2707.0379999999996
31,0.010791944129982411,2022,1064.2049315068493
32,-0.010926915372265755,2022,1285.5474899217138
33,-0.002723658103960025,2022,10508.788028935183
34,-0.038323684331779684,2022,32.97859954833984
35,0.00615425333764974,2022,3363.855011230469
36,-0.18737991528886822,2022,46.03839874267578
37,0.0011487901099429543,2022,193.2408423287672
38,0.005584429910656219,2022,26959.2528256515
39,-0.011356251524292982,2022,1177.8698082191781
40,-0.04317985709708427,2022,1143.5851890410959
41,0.03976892713717284,2022,123.74130136986301
42,0.014983796929785242,2022,261.60400000000004
43,-0.012867598734560781,2022,568.1890140608124
44,-0.11362618576986672,2022,108.05379178082192
45,0.004407685665657635,2022,190.547
46,0.018443433087153904,2022,1102.6411274949164
47,-0.03918018731752826,2022,1378.055626630137
48,0.040016209242440315,2022,141.0511016845703
49,-0.06932272480668977,2022,61.9480318524555
50,-0.06004213555308635,2022,34.91230136986302
51,0.009788557555920674,2022,273.6587505542776
52,-0.01940148976956546,2022,6565.857044057991
53,-0.01721643632721992,2022,310.9923684774273
54,-0.03663150206922372,2022,83.85231118616123
55,-0.0004453992629191994,2022,4111.266465753425
56,-0.025627414219370315,2022,609.173131780822
57,-0.030459355802727406,2022,612.42
58,-0.014574685103411755,2022,502.4816666666667
59,-0.05534004018652072,2022,143.30600000000004
60,-0.06316192237023,2022,182.32315068493153
61,-0.0467394474475995,2022,151.07331209875431
62,-0.01302437332949935,2022,6706.888406648187
63,0.0062842081265399585,2022,81385.49482140873
64,0.02908329801019005,2022,22436.366503288227
65,-0.001455560824205837,2022,58949.12831812049
66,-0.0049493096254830116,2022,30388.1184165416
67,0.013341992261935998,2022,50997.37640486712
68,-0.053090277834248245,2022,334.12593645765384
1,-0.02919445156828082,2023,1875.380805479452
2,0.056015515798769844,2023,12927.0
3,0.03868467278949139,2023,19737.11760047823
4,0.05769797839247337,2023,946.1555589842137
5,0.05329571018108292,2023,3401.6227376120014
6,-0.025841968736178722,2023,777.2493249901829
7,-0.010156165260606476,2023,475.274363849315
8,,2023,391.1808219178082
9,-0.03755435372089688,2023,80.19914304965764
10,-0.029791872322899815,2023,59.97558774952405
11,-0.10896046509509627,2023,808.9991828324695
12,-0.04201163509688888,2023,88.13584353961967
13,0.00043158554228939217,2023,7028.792564524792
14,-0.10318736296501418,2023,59.96132838356166
15,-0.02568764040173399,2023,87.97642108061095
16,0.016551186940767737,2023,1817.9651089337638
17,-0.033384416669812844,2023,59.2364109589041
18,-0.0204241695304912,2023,659.2675559013901
19,-0.023097467829953366,2023,259.77116890780894
20,-0.00374527667638469,2023,2944.1779941660398
21,-0.034270749059132743,2023,618.7963561643836
22,0.009538899651612143,2023,1891.441123287671
23,0.0002389771399176066,2023,10553.545985551787
24,-0.03551679180495193,2023,166.334
25,-0.04630698552630541,2023,42.80601369863014
26,0.022754318524043304,2023,43.941191999999994
27,-0.0011289416648770922,2023,13316.86467070247
28,0.021289375191202442,2023,3940.0
29,0.0339826475113858,2023,4271.397460937501
30,-0.009402357438769049,2023,2590.0000000000005
31,0.010791944129982411,2023,1048.6854794520548
32,-0.010926915372265755,2023,1310.4857542678099
33,-0.002723658103960025,2023,9609.124825238565
34,-0.038323684331779684,2023,30.444000244140625
35,0.00615425333764974,2023,3251.0
36,-0.18737991528886822,2023,21.838399887084964
37,0.0011487901099429543,2023,201.20509216167665
38,0.005584429910656219,2023,26274.181012188834
39,-0.011356251524292982,2023,1137.4750874833235
40,-0.04317985709708427,2023,1103.3339643835616
41,0.03976892713717284,2023,133.86473698630138
42,0.014983796929785242,2023,271.0
43,-0.012867598734560781,2023,564.9575785049115
44,-0.11362618576986672,2023,78.25499726027397
45,0.004407685665657635,2023,223.00000000000003
46,0.018443433087153904,2023,1231.1078114650707
47,-0.03918018731752826,2023,1470.5558249142043
48,0.040016209242440315,2023,147.64599609375
49,-0.06932272480668977,2023,57.455712252620785
50,-0.06004213555308635,2023,33.33641095890411
51,0.009788557555920674,2023,266.5674148523609
52,-0.01940148976956546,2023,6718.555535155284
53,-0.01721643632721992,2023,281.3309479010122
54,-0.03663150206922372,2023,84.01623219461511
55,-0.0004453992629191994,2023,4197.700219178082
56,-0.025627414219370315,2023,605.1631580775752
57,-0.030459355802727406,2023,605.5
58,-0.014574685103411755,2023,507.8883333333334
59,-0.05534004018652072,2023,136.183
60,-0.06316192237023,2023,175.48164931506844
61,-0.0467394474475995,2023,144.2163339955431
62,-0.01302437332949935,2023,6737.479873995229
63,0.0062842081265399585,2023,82757.16925121084
64,0.02908329801019005,2023,23641.627348881568
65,-0.001455560824205837,2023,59115.54190232929
66,-0.0049493096254830116,2023,29985.24915451497
67,0.013341992261935998,2023,52771.92009669588
68,-0.053090277834248245,2023,316.559457686046
